name,start,finish
SS336_N,"8.85080283579365,45.63745434487095 ","8.70575044817298,45.645896640375334"
SS336_S,"8.836891865192031,45.49922057215348 ","8.70575044817298,45.645896640375334"